Variable 1,Variable 2,Type,Statistic,P-Value
Attrition,Age,Categorical-Numerical,38.175886789733404,8.356308021102401e-10
Attrition,DailyRate,Categorical-Numerical,4.726639837649272,0.02985816066026108
Attrition,DistanceFromHome,Categorical-Numerical,8.968276593814723,0.0027930600802131295
Attrition,Education,Categorical-Numerical,1.4463081305523098,0.22931520332227429
Attrition,EmployeeNumber,Categorical-Numerical,0.1642553750949558,0.685327589729904
Attrition,EnvironmentSatisfaction,Categorical-Numerical,15.855209080957504,7.172338549367759e-05
Attrition,HourlyRate,Categorical-Numerical,0.06879597773678614,0.7931347689944519
Attrition,JobInvolvement,Categorical-Numerical,25.241985036473384,5.677065356744563e-07
Attrition,JobLevel,Categorical-Numerical,43.215343827677955,6.795384780014324e-11
Attrition,JobSatisfaction,Categorical-Numerical,15.890003806510506,7.043066741730401e-05
Attrition,MonthlyIncome,Categorical-Numerical,60.026573938357515,1.7349562148828246e-14
Attrition,MonthlyRate,Categorical-Numerical,0.3379164577081446,0.5611235982243229
Attrition,PercentSalaryHike,Categorical-Numerical,0.266728168623382,0.6056128238894396
Attrition,PerformanceRating,Categorical-Numerical,0.012250395534223307,0.9118840421067758
Attrition,RelationshipSatisfaction,Categorical-Numerical,3.0955763595800714,0.0787136304846641
Attrition,StockOptionLevel,Categorical-Numerical,28.140500912238704,1.301014966001994e-07
Attrition,TrainingTimesLastYear,Categorical-Numerical,5.211646072556778,0.022578499737199238
Attrition,WorkLifeBalance,Categorical-Numerical,6.0261161610046345,0.014211054989019785
BusinessTravel,Age,Categorical-Numerical,0.6244288255061771,0.535709529163698
BusinessTravel,DailyRate,Categorical-Numerical,0.17988243171155405,0.8353868414257266
BusinessTravel,DistanceFromHome,Categorical-Numerical,0.4688930381565581,0.6257882455208081
BusinessTravel,Education,Categorical-Numerical,0.05804551765862865,0.9436091627634137
BusinessTravel,EmployeeNumber,Categorical-Numerical,0.3783676468696743,0.6850454503196994
BusinessTravel,EnvironmentSatisfaction,Categorical-Numerical,0.1186515208667241,0.8881257591781646
BusinessTravel,HourlyRate,Categorical-Numerical,0.563072428922342,0.5695797802078781
BusinessTravel,JobInvolvement,Categorical-Numerical,1.547294599905855,0.21317008573964158
BusinessTravel,JobLevel,Categorical-Numerical,0.42893433224163563,0.6512843350555488
BusinessTravel,JobSatisfaction,Categorical-Numerical,0.9821326689375073,0.37475764819502955
BusinessTravel,MonthlyIncome,Categorical-Numerical,0.7848798567790767,0.4563659694672991
BusinessTravel,MonthlyRate,Categorical-Numerical,0.1772874242655837,0.8375569626638497
BusinessTravel,PercentSalaryHike,Categorical-Numerical,0.9838278989253524,0.3741237347797469
BusinessTravel,PerformanceRating,Categorical-Numerical,0.5309180973698053,0.5881777699848791
BusinessTravel,RelationshipSatisfaction,Categorical-Numerical,1.09742105539036,0.33400446301551484
BusinessTravel,StockOptionLevel,Categorical-Numerical,0.708355169695391,0.49262189148857993
BusinessTravel,TrainingTimesLastYear,Categorical-Numerical,0.32185498231976656,0.7248544600460218
BusinessTravel,WorkLifeBalance,Categorical-Numerical,0.11798719311954148,0.8887158665645974
Department,Age,Categorical-Numerical,0.7655031924976903,0.46528552999349515
Department,DailyRate,Categorical-Numerical,0.5647345679278304,0.5686345718513953
Department,DistanceFromHome,Categorical-Numerical,0.235026611355925,0.7905795728217966
Department,Education,Categorical-Numerical,0.28306745471385036,0.7535101059425009
Department,EmployeeNumber,Categorical-Numerical,3.408755007172486,0.033344621306985324
Department,EnvironmentSatisfaction,Categorical-Numerical,0.5747652749053415,0.5629636591377534
Department,HourlyRate,Categorical-Numerical,0.3553374703243507,0.7009971706680949
Department,JobInvolvement,Categorical-Numerical,0.5012403999318676,0.6058824942967524
Department,JobLevel,Categorical-Numerical,9.784684856565228,6.007017953845983e-05
Department,JobSatisfaction,Categorical-Numerical,0.5021228767277305,0.6053484180286459
Department,MonthlyIncome,Categorical-Numerical,13.54719855864258,1.479783778726713e-06
Department,MonthlyRate,Categorical-Numerical,0.5628352859851156,0.5697147644356102
Department,PercentSalaryHike,Categorical-Numerical,0.9243263528942585,0.39702959963681783
Department,PerformanceRating,Categorical-Numerical,0.7940044059801676,0.4522252122566278
Department,RelationshipSatisfaction,Categorical-Numerical,0.902311342521813,0.40585602099732065
Department,StockOptionLevel,Categorical-Numerical,0.21089414012856514,0.80988434290081
Department,TrainingTimesLastYear,Categorical-Numerical,1.4506366045743264,0.2347570716165152
Department,WorkLifeBalance,Categorical-Numerical,4.213141397138223,0.014979276088691327
EducationField,Age,Categorical-Numerical,1.1206298043977962,0.34730017473701763
EducationField,DailyRate,Categorical-Numerical,2.130377708449879,0.059361924429021024
EducationField,DistanceFromHome,Categorical-Numerical,0.6221775498141473,0.6829130876203742
EducationField,Education,Categorical-Numerical,3.275821914023454,0.006025573143231541
EducationField,EmployeeNumber,Categorical-Numerical,0.4692954539740376,0.7993398411516969
EducationField,EnvironmentSatisfaction,Categorical-Numerical,1.5750621591041187,0.16399276357694123
EducationField,HourlyRate,Categorical-Numerical,1.20341338538005,0.30516135491837815
EducationField,JobInvolvement,Categorical-Numerical,0.19723448691275247,0.9636194181206253
EducationField,JobLevel,Categorical-Numerical,3.2375263881713514,0.006522577772169025
EducationField,JobSatisfaction,Categorical-Numerical,0.955880626351784,0.4437603241839595
EducationField,MonthlyIncome,Categorical-Numerical,3.8425930134178294,0.0018354825465423561
EducationField,MonthlyRate,Categorical-Numerical,0.5310188570060425,0.7529299833277963
EducationField,PercentSalaryHike,Categorical-Numerical,1.0561378971130855,0.3830659938050877
EducationField,PerformanceRating,Categorical-Numerical,0.41661625279364295,0.837441990969563
EducationField,RelationshipSatisfaction,Categorical-Numerical,0.901172404506994,0.4794087666222866
EducationField,StockOptionLevel,Categorical-Numerical,1.2017854262952181,0.3059496128999114
EducationField,TrainingTimesLastYear,Categorical-Numerical,1.9365660241215554,0.08543611782840067
EducationField,WorkLifeBalance,Categorical-Numerical,0.7764496969274233,0.5666615632909506
Gender,Age,Categorical-Numerical,1.938048713026884,0.1640914123181884
Gender,DailyRate,Categorical-Numerical,0.20153692335862738,0.6535493969020572
Gender,DistanceFromHome,Categorical-Numerical,0.005027115460965295,0.94348528639072
Gender,Education,Categorical-Numerical,0.4020448065982586,0.5261339052550021
Gender,EmployeeNumber,Categorical-Numerical,0.7472625552737658,0.3874855349327021
Gender,EnvironmentSatisfaction,Categorical-Numerical,0.00037930635770939606,0.9844641975864159
Gender,HourlyRate,Categorical-Numerical,0.0003358316022955363,0.9853815085609181
Gender,JobInvolvement,Categorical-Numerical,0.47366031061062347,0.49141679302880614
Gender,JobLevel,Categorical-Numerical,2.2827676420573644,0.13103346011992112
Gender,JobSatisfaction,Categorical-Numerical,1.6249281030056668,0.20260772654830855
Gender,MonthlyIncome,Categorical-Numerical,2.8684858836490803,0.09054195563240923
Gender,MonthlyRate,Categorical-Numerical,2.5304495957000497,0.11188370326584798
Gender,PercentSalaryHike,Categorical-Numerical,0.010962169921101191,0.91662786184983
Gender,PerformanceRating,Categorical-Numerical,0.2820164360169341,0.5954629426295187
Gender,RelationshipSatisfaction,Categorical-Numerical,0.7681104152760331,0.3809456347397697
Gender,StockOptionLevel,Categorical-Numerical,0.237398389543034,0.6261642273080879
Gender,TrainingTimesLastYear,Categorical-Numerical,2.211802586184045,0.1371733042809332
Gender,WorkLifeBalance,Categorical-Numerical,0.01112347361901805,0.9160189649367831
JobRole,Age,Categorical-Numerical,42.41652317125515,2.4640750855582215e-61
JobRole,DailyRate,Categorical-Numerical,0.39491602596752545,0.9237568034423954
JobRole,DistanceFromHome,Categorical-Numerical,0.7825540399957504,0.6181473655164944
JobRole,Education,Categorical-Numerical,3.180805943881476,0.0013939563853694876
JobRole,EmployeeNumber,Categorical-Numerical,1.3844815169925282,0.19850658400361876
JobRole,EnvironmentSatisfaction,Categorical-Numerical,1.2190555948776438,0.2837526091712688
JobRole,HourlyRate,Categorical-Numerical,0.44106505008803004,0.8967314340652089
JobRole,JobInvolvement,Categorical-Numerical,0.7325105807588622,0.6628700156384995
JobRole,JobLevel,Categorical-Numerical,565.2293915946366,0.0
JobRole,JobSatisfaction,Categorical-Numerical,0.36521256460864027,0.9389893610579347
JobRole,MonthlyIncome,Categorical-Numerical,569.6757046271521,0.0
JobRole,MonthlyRate,Categorical-Numerical,0.5994728488461953,0.7789578091801396
JobRole,PercentSalaryHike,Categorical-Numerical,1.103407345439768,0.35781603242387594
JobRole,PerformanceRating,Categorical-Numerical,0.8867027089142208,0.5268499952023117
JobRole,RelationshipSatisfaction,Categorical-Numerical,0.5974525303861897,0.7806426574235734
JobRole,StockOptionLevel,Categorical-Numerical,0.6267210915551826,0.7559230959993819
JobRole,TrainingTimesLastYear,Categorical-Numerical,1.4435779869133745,0.17359762947118015
JobRole,WorkLifeBalance,Categorical-Numerical,1.7998140031394156,0.07291242680147775
MaritalStatus,Age,Categorical-Numerical,10.667282665673097,2.5154858312996252e-05
MaritalStatus,DailyRate,Categorical-Numerical,4.316446782331238,0.013517152620115018
MaritalStatus,DistanceFromHome,Categorical-Numerical,0.7569886505328043,0.46925999474534197
MaritalStatus,Education,Categorical-Numerical,0.013442766196522278,0.9866473058085357
MaritalStatus,EmployeeNumber,Categorical-Numerical,2.141621834057577,0.11783128947121548
MaritalStatus,EnvironmentSatisfaction,Categorical-Numerical,0.39071065170064506,0.676646276404391
MaritalStatus,HourlyRate,Categorical-Numerical,1.1089405446987497,0.3301846901888825
MaritalStatus,JobInvolvement,Categorical-Numerical,1.505229161723369,0.22230903471173533
MaritalStatus,JobLevel,Categorical-Numerical,5.626390862845423,0.0036797087945236494
MaritalStatus,JobSatisfaction,Categorical-Numerical,0.4755984241973605,0.6216088125839607
MaritalStatus,MonthlyIncome,Categorical-Numerical,7.201334771408519,0.0007722409617793756
MaritalStatus,MonthlyRate,Categorical-Numerical,1.1731759722690733,0.3096728783503369
MaritalStatus,PercentSalaryHike,Categorical-Numerical,0.48929015731487563,0.6131614282523055
MaritalStatus,PerformanceRating,Categorical-Numerical,0.09771227209208076,0.9069157114230053
MaritalStatus,RelationshipSatisfaction,Categorical-Numerical,1.6051877760415802,0.20120440611877
MaritalStatus,StockOptionLevel,Categorical-Numerical,625.2982774633457,3.997635981623298e-197
MaritalStatus,TrainingTimesLastYear,Categorical-Numerical,0.6799185712922657,0.506817834730719
MaritalStatus,WorkLifeBalance,Categorical-Numerical,0.17438782310189638,0.8399884844315466
NumCompaniesWorked,Age,Categorical-Numerical,50.01112335988147,9.746688734042988e-22
NumCompaniesWorked,DailyRate,Categorical-Numerical,1.41307504369518,0.2437247761285537
NumCompaniesWorked,DistanceFromHome,Categorical-Numerical,1.0763729144013414,0.34109852095346765
NumCompaniesWorked,Education,Categorical-Numerical,8.735674581262732,0.0001692616441192142
NumCompaniesWorked,EmployeeNumber,Categorical-Numerical,0.06544817658066608,0.9366503205223106
NumCompaniesWorked,EnvironmentSatisfaction,Categorical-Numerical,0.17059680331429955,0.8431781895941217
NumCompaniesWorked,HourlyRate,Categorical-Numerical,0.3508222032105639,0.7041679869824384
NumCompaniesWorked,JobInvolvement,Categorical-Numerical,0.27280443858611997,0.7612802524615605
NumCompaniesWorked,JobLevel,Categorical-Numerical,7.865898318397195,0.0004000098736722158
NumCompaniesWorked,JobSatisfaction,Categorical-Numerical,3.162931932569635,0.042590160781605296
NumCompaniesWorked,MonthlyIncome,Categorical-Numerical,11.321982767570484,1.3197395014236382e-05
NumCompaniesWorked,MonthlyRate,Categorical-Numerical,0.7203569193126002,0.4867505883189349
NumCompaniesWorked,PercentSalaryHike,Categorical-Numerical,0.22696462136913603,0.7969769559221622
NumCompaniesWorked,PerformanceRating,Categorical-Numerical,0.2132318368499046,0.8079938360706752
NumCompaniesWorked,RelationshipSatisfaction,Categorical-Numerical,2.7507030823026954,0.06421244587401762
NumCompaniesWorked,StockOptionLevel,Categorical-Numerical,0.9370395341210304,0.39202035533506396
NumCompaniesWorked,TrainingTimesLastYear,Categorical-Numerical,3.3255895654032113,0.03622255133982995
NumCompaniesWorked,WorkLifeBalance,Categorical-Numerical,0.033068599642772215,0.9674729102184705
OverTime,Age,Categorical-Numerical,1.156955056698015,0.282274675896253
OverTime,DailyRate,Categorical-Numerical,0.12251141033130142,0.7263766746645697
OverTime,DistanceFromHome,Categorical-Numerical,0.9562105353615942,0.32830459559707603
OverTime,Education,Categorical-Numerical,0.6064966372467229,0.4362354584262299
OverTime,EmployeeNumber,Categorical-Numerical,0.8486877813756915,0.3570751904114986
OverTime,EnvironmentSatisfaction,Categorical-Numerical,7.255986230772849,0.007146997399070064
OverTime,HourlyRate,Categorical-Numerical,0.08890617951475596,0.7656145498706672
OverTime,JobInvolvement,Categorical-Numerical,0.018052245906606895,0.8931373978984755
OverTime,JobLevel,Categorical-Numerical,0.0004345104852359756,0.9833722012165289
OverTime,JobSatisfaction,Categorical-Numerical,0.8845418987246397,0.34711542949761853
OverTime,MonthlyIncome,Categorical-Numerical,0.1110319943384503,0.739019853351382
OverTime,MonthlyRate,Categorical-Numerical,0.6745533478379173,0.41160195104817354
OverTime,PercentSalaryHike,Categorical-Numerical,0.04333018766970546,0.8351336612432176
OverTime,PerformanceRating,Categorical-Numerical,0.02802349539246503,0.8670766536061627
OverTime,RelationshipSatisfaction,Categorical-Numerical,3.4602151090553126,0.06306200332195952
OverTime,StockOptionLevel,Categorical-Numerical,0.00029551641121635476,0.986286904551381
OverTime,TrainingTimesLastYear,Categorical-Numerical,9.24597257344079,0.0024019235734392833
OverTime,WorkLifeBalance,Categorical-Numerical,1.0782591923803047,0.29925831411675374
TotalWorkingYears,Age,Categorical-Numerical,339.9590287692225,1.5198605001167244e-167
TotalWorkingYears,DailyRate,Categorical-Numerical,0.26143564277390285,0.853203056959177
TotalWorkingYears,DistanceFromHome,Categorical-Numerical,0.503220682043926,0.680102589170364
TotalWorkingYears,Education,Categorical-Numerical,15.226419826492467,9.264748733155329e-10
TotalWorkingYears,EmployeeNumber,Categorical-Numerical,1.566999888590167,0.19553592273414838
TotalWorkingYears,EnvironmentSatisfaction,Categorical-Numerical,1.2592494322587557,0.2869042952298811
TotalWorkingYears,HourlyRate,Categorical-Numerical,1.6455899325482637,0.17698348455814983
TotalWorkingYears,JobInvolvement,Categorical-Numerical,1.9288107739638491,0.12297773793893368
TotalWorkingYears,JobLevel,Categorical-Numerical,478.4914148091214,1.0218753050895411e-216
TotalWorkingYears,JobSatisfaction,Categorical-Numerical,0.6954297147667059,0.5548483656752525
TotalWorkingYears,MonthlyIncome,Categorical-Numerical,450.3627935568989,2.5029111054214004e-207
TotalWorkingYears,MonthlyRate,Categorical-Numerical,1.0639754454891788,0.3633143538089694
TotalWorkingYears,PercentSalaryHike,Categorical-Numerical,0.8565670008209914,0.4630693526719645
TotalWorkingYears,PerformanceRating,Categorical-Numerical,0.781334507506561,0.5043465675972367
TotalWorkingYears,RelationshipSatisfaction,Categorical-Numerical,1.4236904284413348,0.23410574941194176
TotalWorkingYears,StockOptionLevel,Categorical-Numerical,2.505279330401628,0.057579200226800416
TotalWorkingYears,TrainingTimesLastYear,Categorical-Numerical,1.6147763692536277,0.18405192955729757
TotalWorkingYears,WorkLifeBalance,Categorical-Numerical,0.15898470936187653,0.9239060649122723
YearsAtCompany,Age,Categorical-Numerical,45.00161924139733,8.086734150196442e-28
YearsAtCompany,DailyRate,Categorical-Numerical,0.9720845100504688,0.40502011195711585
YearsAtCompany,DistanceFromHome,Categorical-Numerical,0.3464518352462228,0.7917336741872649
YearsAtCompany,Education,Categorical-Numerical,2.509155255057469,0.057282497355247035
YearsAtCompany,EmployeeNumber,Categorical-Numerical,0.7495181597128422,0.5226340322403886
YearsAtCompany,EnvironmentSatisfaction,Categorical-Numerical,0.7620860103220665,0.5153513531308455
YearsAtCompany,HourlyRate,Categorical-Numerical,0.8699982535591725,0.4559902915793792
YearsAtCompany,JobInvolvement,Categorical-Numerical,2.2798835636238306,0.07765303527681974
YearsAtCompany,JobLevel,Categorical-Numerical,184.79051032653263,1.259781807093074e-101
YearsAtCompany,JobSatisfaction,Categorical-Numerical,0.5448229063444799,0.651679405913324
YearsAtCompany,MonthlyIncome,Categorical-Numerical,158.3085122368292,7.016868434252251e-89
YearsAtCompany,MonthlyRate,Categorical-Numerical,0.9866402220690448,0.39815484170521476
YearsAtCompany,PercentSalaryHike,Categorical-Numerical,0.8985334679142694,0.44124052190674423
YearsAtCompany,PerformanceRating,Categorical-Numerical,0.3795521531908638,0.7677643824981766
YearsAtCompany,RelationshipSatisfaction,Categorical-Numerical,1.3550815421893876,0.25495186936056125
YearsAtCompany,StockOptionLevel,Categorical-Numerical,2.3912998632139932,0.06700359580779341
YearsAtCompany,TrainingTimesLastYear,Categorical-Numerical,0.008868174794856788,0.9988544779466539
YearsAtCompany,WorkLifeBalance,Categorical-Numerical,0.3178376009813545,0.8124947874031035
YearsInCurrentRole,Age,Categorical-Numerical,23.590449339374192,8.243262683577344e-11
YearsInCurrentRole,DailyRate,Categorical-Numerical,0.006607806960123045,0.9934140061566865
YearsInCurrentRole,DistanceFromHome,Categorical-Numerical,0.7509651964020135,0.47209217074483445
YearsInCurrentRole,Education,Categorical-Numerical,2.651479464473645,0.07088484248969615
YearsInCurrentRole,EmployeeNumber,Categorical-Numerical,0.7754360164875423,0.4606916092145261
YearsInCurrentRole,EnvironmentSatisfaction,Categorical-Numerical,0.5891780446492412,0.5549143258472012
YearsInCurrentRole,HourlyRate,Categorical-Numerical,0.7085270589880427,0.4925373040278692
YearsInCurrentRole,JobInvolvement,Categorical-Numerical,0.17365789692955358,0.8406016922983343
YearsInCurrentRole,JobLevel,Categorical-Numerical,104.2257046795193,4.7400830657387e-43
YearsInCurrentRole,JobSatisfaction,Categorical-Numerical,0.2529628477130609,0.7765305934787952
YearsInCurrentRole,MonthlyIncome,Categorical-Numerical,118.75432515799523,1.579313194265547e-48
YearsInCurrentRole,MonthlyRate,Categorical-Numerical,0.27197393558823174,0.7619125257114765
YearsInCurrentRole,PercentSalaryHike,Categorical-Numerical,0.03868412076599653,0.9620555355514611
YearsInCurrentRole,PerformanceRating,Categorical-Numerical,1.7559400192215378,0.17310765791456273
YearsInCurrentRole,RelationshipSatisfaction,Categorical-Numerical,1.0569968670298535,0.3477623221740885
YearsInCurrentRole,StockOptionLevel,Categorical-Numerical,3.736751106038131,0.024058545215893977
YearsInCurrentRole,TrainingTimesLastYear,Categorical-Numerical,0.1382165161477699,0.8709214451856339
YearsInCurrentRole,WorkLifeBalance,Categorical-Numerical,1.8036110302663069,0.16506809399616965
YearsSinceLastPromotion,Age,Categorical-Numerical,26.60163895325398,4.483503299345702e-12
YearsSinceLastPromotion,DailyRate,Categorical-Numerical,0.5120710627014018,0.5993602741586956
YearsSinceLastPromotion,DistanceFromHome,Categorical-Numerical,0.23829713320187176,0.7879990198435474
YearsSinceLastPromotion,Education,Categorical-Numerical,3.3548300040351404,0.03518338671328777
YearsSinceLastPromotion,EmployeeNumber,Categorical-Numerical,0.19724108111424596,0.8210144522884713
YearsSinceLastPromotion,EnvironmentSatisfaction,Categorical-Numerical,0.12485574111752,0.8826335979047233
YearsSinceLastPromotion,HourlyRate,Categorical-Numerical,0.1677136218222002,0.8456121711548789
YearsSinceLastPromotion,JobInvolvement,Categorical-Numerical,0.24334024223750597,0.7840363563341616
YearsSinceLastPromotion,JobLevel,Categorical-Numerical,80.35664750015923,7.657569606202256e-34
YearsSinceLastPromotion,JobSatisfaction,Categorical-Numerical,0.3309030070125158,0.7183284311595525
YearsSinceLastPromotion,MonthlyIncome,Categorical-Numerical,77.37662606793153,1.1288967054593863e-32
YearsSinceLastPromotion,MonthlyRate,Categorical-Numerical,0.7471538821231459,0.47389305297862083
YearsSinceLastPromotion,PercentSalaryHike,Categorical-Numerical,0.8203982859393796,0.4404581551886291
YearsSinceLastPromotion,PerformanceRating,Categorical-Numerical,0.3327699723522464,0.7169891932933294
YearsSinceLastPromotion,RelationshipSatisfaction,Categorical-Numerical,0.20333104201043503,0.8160310568606618
YearsSinceLastPromotion,StockOptionLevel,Categorical-Numerical,0.23976105179657875,0.786846672623543
YearsSinceLastPromotion,TrainingTimesLastYear,Categorical-Numerical,0.9572203990557113,0.3841983383124067
YearsSinceLastPromotion,WorkLifeBalance,Categorical-Numerical,2.40686303519559,0.09045319140150779
YearsWithCurrManager,Age,Categorical-Numerical,20.66811446892801,1.4063268610802033e-09
YearsWithCurrManager,DailyRate,Categorical-Numerical,0.23477954397712017,0.7907748608273238
YearsWithCurrManager,DistanceFromHome,Categorical-Numerical,0.47092071043671063,0.6245214483570983
YearsWithCurrManager,Education,Categorical-Numerical,4.205345277611271,0.015095841188862343
YearsWithCurrManager,EmployeeNumber,Categorical-Numerical,0.20243961720616546,0.8167586101766471
YearsWithCurrManager,EnvironmentSatisfaction,Categorical-Numerical,1.009216521011185,0.36475737556462734
YearsWithCurrManager,HourlyRate,Categorical-Numerical,0.43876448198762735,0.6449172245893819
YearsWithCurrManager,JobInvolvement,Categorical-Numerical,0.6949080045762276,0.49928458304158685
YearsWithCurrManager,JobLevel,Categorical-Numerical,94.46685199047886,2.5614618045566914e-39
YearsWithCurrManager,JobSatisfaction,Categorical-Numerical,0.0782131269910325,0.9247711686169806
YearsWithCurrManager,MonthlyIncome,Categorical-Numerical,97.61935502159703,1.5771955662328937e-40
YearsWithCurrManager,MonthlyRate,Categorical-Numerical,1.2743690963880971,0.27991666517087577
YearsWithCurrManager,PercentSalaryHike,Categorical-Numerical,0.28824154740836183,0.7496229535341961
YearsWithCurrManager,PerformanceRating,Categorical-Numerical,2.090330934060774,0.12401434129210821
YearsWithCurrManager,RelationshipSatisfaction,Categorical-Numerical,0.19939022430213343,0.8192523452785113
YearsWithCurrManager,StockOptionLevel,Categorical-Numerical,0.6828428111592341,0.5053393141036004
YearsWithCurrManager,TrainingTimesLastYear,Categorical-Numerical,0.06587628169381221,0.9362494574276025
YearsWithCurrManager,WorkLifeBalance,Categorical-Numerical,0.6122104726603876,0.5422895873570941
Age,DailyRate,Numerical-Numerical,0.007289728044117844,0.780046568864706
Age,DistanceFromHome,Numerical-Numerical,-0.019290910985248558,0.4598679605887698
Age,Education,Numerical-Numerical,0.20493668426294695,2.103725122054215e-15
Age,EmployeeNumber,Numerical-Numerical,-0.0017696396702876801,0.945951733298243
Age,EnvironmentSatisfaction,Numerical-Numerical,0.009820115534410569,0.7067699250913746
Age,HourlyRate,Numerical-Numerical,0.02885848516353823,0.2688390323007819
Age,JobInvolvement,Numerical-Numerical,0.03445622400010812,0.18672158482211754
Age,JobLevel,Numerical-Numerical,0.48961781089554185,1.819546113705824e-89
Age,JobSatisfaction,Numerical-Numerical,-0.005184852121396131,0.8425580815628142
Age,MonthlyIncome,Numerical-Numerical,0.47190213023271405,2.1834560926451124e-82
Age,MonthlyRate,Numerical-Numerical,0.01745100080296337,0.5037741450706217
Age,PercentSalaryHike,Numerical-Numerical,0.007708837983941597,0.7677538137708708
Age,PerformanceRating,Numerical-Numerical,9.338863125535507e-05,0.9971455514870671
Age,RelationshipSatisfaction,Numerical-Numerical,0.04606331990350069,0.07747487397661988
Age,StockOptionLevel,Numerical-Numerical,0.056633063475323084,0.029913032993936817
Age,TrainingTimesLastYear,Numerical-Numerical,0.0003158049169493311,0.9903475528201379
Age,WorkLifeBalance,Numerical-Numerical,-0.0037067910036821714,0.8870799242210401
DailyRate,Age,Numerical-Numerical,0.007289728044117845,0.7800465688647058
DailyRate,DistanceFromHome,Numerical-Numerical,-0.0027536667797074077,0.9159889349593023
DailyRate,Education,Numerical-Numerical,-0.013607132107227622,0.6021677922109419
DailyRate,EmployeeNumber,Numerical-Numerical,-0.051799605025123416,0.047069922946673545
DailyRate,EnvironmentSatisfaction,Numerical-Numerical,0.01896119181352265,0.4675752352915008
DailyRate,HourlyRate,Numerical-Numerical,0.023511433281152457,0.3676948546345853
DailyRate,JobInvolvement,Numerical-Numerical,0.04246878184735499,0.10360402619753457
DailyRate,JobLevel,Numerical-Numerical,0.0038163551567299086,0.8837656154101853
DailyRate,JobSatisfaction,Numerical-Numerical,0.027828761662227974,0.2863017463313428
DailyRate,MonthlyIncome,Numerical-Numerical,0.016259651841387765,0.5333401637883932
DailyRate,MonthlyRate,Numerical-Numerical,-0.032359519972458436,0.21499313553925464
DailyRate,PercentSalaryHike,Numerical-Numerical,0.02507040343270031,0.33677995125888105
DailyRate,PerformanceRating,Numerical-Numerical,0.0006244328586809106,0.9809158200121362
DailyRate,RelationshipSatisfaction,Numerical-Numerical,0.00968452835360801,0.7106351030330365
DailyRate,StockOptionLevel,Numerical-Numerical,0.03851393353444212,0.13996054775554712
DailyRate,TrainingTimesLastYear,Numerical-Numerical,-0.011338974540025928,0.6640074441553623
DailyRate,WorkLifeBalance,Numerical-Numerical,-0.04035231488782193,0.12199716406296922
DistanceFromHome,Age,Numerical-Numerical,-0.019290910985248558,0.4598679605887698
DistanceFromHome,DailyRate,Numerical-Numerical,-0.002753666779707408,0.9159889349593023
DistanceFromHome,Education,Numerical-Numerical,0.015708004968988647,0.5473213817814551
DistanceFromHome,EmployeeNumber,Numerical-Numerical,0.03890614223887949,0.13596685443731416
DistanceFromHome,EnvironmentSatisfaction,Numerical-Numerical,-0.010400913109934545,0.6902995549556499
DistanceFromHome,HourlyRate,Numerical-Numerical,0.02044590781925942,0.4334374754985991
DistanceFromHome,JobInvolvement,Numerical-Numerical,0.034430070055035414,0.18705646411462448
DistanceFromHome,JobLevel,Numerical-Numerical,0.02214760710484909,0.39614075396753134
DistanceFromHome,JobSatisfaction,Numerical-Numerical,-0.01307805404240758,0.6163605345809813
DistanceFromHome,MonthlyIncome,Numerical-Numerical,0.002512448420823388,0.9233244551703363
DistanceFromHome,MonthlyRate,Numerical-Numerical,0.03961780522063657,0.12894546235000104
DistanceFromHome,PercentSalaryHike,Numerical-Numerical,0.029666427948417496,0.255659274835271
DistanceFromHome,PerformanceRating,Numerical-Numerical,0.011319673780960833,0.6645444031017843
DistanceFromHome,RelationshipSatisfaction,Numerical-Numerical,0.005851811211412193,0.8226227766220799
DistanceFromHome,StockOptionLevel,Numerical-Numerical,0.030190294292276456,0.24735719804048434
DistanceFromHome,TrainingTimesLastYear,Numerical-Numerical,-0.024848360913254753,0.3410781667798889
DistanceFromHome,WorkLifeBalance,Numerical-Numerical,-0.020401886909142363,0.434428468017119
Education,Age,Numerical-Numerical,0.20493668426294698,2.103725122054215e-15
Education,DailyRate,Numerical-Numerical,-0.01360713210722762,0.6021677922109419
Education,DistanceFromHome,Numerical-Numerical,0.015708004968988647,0.5473213817814551
Education,EmployeeNumber,Numerical-Numerical,0.042814786158017995,0.10081823603725884
Education,EnvironmentSatisfaction,Numerical-Numerical,-0.027624689628706536,0.2898514298221813
Education,HourlyRate,Numerical-Numerical,0.014431900253602338,0.5803418145179495
Education,JobInvolvement,Numerical-Numerical,0.037230796703121516,0.15365754826113098
Education,JobLevel,Numerical-Numerical,0.10741916381028464,3.675974390613464e-05
Education,JobSatisfaction,Numerical-Numerical,-0.005175468670271538,0.8428393035746202
Education,MonthlyIncome,Numerical-Numerical,0.12002849135771106,3.93588901488038e-06
Education,MonthlyRate,Numerical-Numerical,-0.02121382776773124,0.4163614068502465
Education,PercentSalaryHike,Numerical-Numerical,0.004299935630355093,0.8691623752659375
Education,PerformanceRating,Numerical-Numerical,-0.025080669392461157,0.3365820719207776
Education,RelationshipSatisfaction,Numerical-Numerical,-0.013172612473768714,0.6138132173589385
Education,StockOptionLevel,Numerical-Numerical,0.013793504009850157,0.5972035646102769
Education,TrainingTimesLastYear,Numerical-Numerical,-0.023748617030788014,0.36288079728888045
Education,WorkLifeBalance,Numerical-Numerical,0.017350435054979265,0.5062360798858303
EmployeeNumber,Age,Numerical-Numerical,-0.00176963967028768,0.945951733298243
EmployeeNumber,DailyRate,Numerical-Numerical,-0.05179960502512342,0.047069922946673476
EmployeeNumber,DistanceFromHome,Numerical-Numerical,0.03890614223887949,0.13596685443731416
EmployeeNumber,Education,Numerical-Numerical,0.042814786158017995,0.10081823603725884
EmployeeNumber,EnvironmentSatisfaction,Numerical-Numerical,0.021750245567640672,0.40467206545892276
EmployeeNumber,HourlyRate,Numerical-Numerical,0.03471701001136339,0.1834066099334573
EmployeeNumber,JobInvolvement,Numerical-Numerical,-0.002453175162879467,0.9251279939381527
EmployeeNumber,JobLevel,Numerical-Numerical,-0.011057431208590682,0.6718571009263188
EmployeeNumber,JobSatisfaction,Numerical-Numerical,-0.0471498008994311,0.07072829855682825
EmployeeNumber,MonthlyIncome,Numerical-Numerical,0.0017974040925349789,0.9451050809235748
EmployeeNumber,MonthlyRate,Numerical-Numerical,0.011933399262245622,0.6475556849914779
EmployeeNumber,PercentSalaryHike,Numerical-Numerical,-0.008178516440490564,0.7540470140850588
EmployeeNumber,PerformanceRating,Numerical-Numerical,-0.02067515076123497,0.4282979449767773
EmployeeNumber,RelationshipSatisfaction,Numerical-Numerical,-0.07299050430798654,0.005112592266097985
EmployeeNumber,StockOptionLevel,Numerical-Numerical,0.059479579516163436,0.0225744474704659
EmployeeNumber,TrainingTimesLastYear,Numerical-Numerical,0.026502146504605497,0.3099048950110797
EmployeeNumber,WorkLifeBalance,Numerical-Numerical,0.00999413643987437,0.7018201768895247
EnvironmentSatisfaction,Age,Numerical-Numerical,0.009820115534410569,0.7067699250913746
EnvironmentSatisfaction,DailyRate,Numerical-Numerical,0.01896119181352265,0.4675752352915008
EnvironmentSatisfaction,DistanceFromHome,Numerical-Numerical,-0.010400913109934544,0.6902995549556499
EnvironmentSatisfaction,Education,Numerical-Numerical,-0.027624689628706536,0.2898514298221813
EnvironmentSatisfaction,EmployeeNumber,Numerical-Numerical,0.021750245567640675,0.40467206545892254
EnvironmentSatisfaction,HourlyRate,Numerical-Numerical,-0.05238036346163341,0.04464716415516164
EnvironmentSatisfaction,JobInvolvement,Numerical-Numerical,-0.015301118806672672,0.5577485002548028
EnvironmentSatisfaction,JobLevel,Numerical-Numerical,-0.00019243168604686335,0.9941183146870517
EnvironmentSatisfaction,JobSatisfaction,Numerical-Numerical,-0.0029927822722807577,0.9087244082847941
EnvironmentSatisfaction,MonthlyIncome,Numerical-Numerical,-0.015163077434038209,0.5613078425883806
EnvironmentSatisfaction,MonthlyRate,Numerical-Numerical,0.03747650942841223,0.15095873432444012
EnvironmentSatisfaction,PercentSalaryHike,Numerical-Numerical,-0.030489426145149313,0.2427021367300367
EnvironmentSatisfaction,PerformanceRating,Numerical-Numerical,-0.029159816859593818,0.26387001394793125
EnvironmentSatisfaction,RelationshipSatisfaction,Numerical-Numerical,0.005353458145277389,0.8375084110830965
EnvironmentSatisfaction,StockOptionLevel,Numerical-Numerical,0.00982616968176533,0.7065975149139749
EnvironmentSatisfaction,TrainingTimesLastYear,Numerical-Numerical,-0.011658937697201636,0.6551311519551147
EnvironmentSatisfaction,WorkLifeBalance,Numerical-Numerical,0.02716897161742007,0.29788476916516093
HourlyRate,Age,Numerical-Numerical,0.02885848516353823,0.2688390323007819
HourlyRate,DailyRate,Numerical-Numerical,0.023511433281152454,0.3676948546345852
HourlyRate,DistanceFromHome,Numerical-Numerical,0.02044590781925942,0.4334374754985991
HourlyRate,Education,Numerical-Numerical,0.014431900253602338,0.5803418145179495
HourlyRate,EmployeeNumber,Numerical-Numerical,0.03471701001136338,0.18340660993345745
HourlyRate,EnvironmentSatisfaction,Numerical-Numerical,-0.052380363461633404,0.044647164155161664
HourlyRate,JobInvolvement,Numerical-Numerical,0.04388431316126556,0.09258261683194509
HourlyRate,JobLevel,Numerical-Numerical,-0.03387611132032741,0.19425386390745106
HourlyRate,JobSatisfaction,Numerical-Numerical,-0.06834017259535337,0.008766261451337602
HourlyRate,MonthlyIncome,Numerical-Numerical,-0.019761721893346577,0.4489868057614411
HourlyRate,MonthlyRate,Numerical-Numerical,-0.014888499753342712,0.5684201806928271
HourlyRate,PercentSalaryHike,Numerical-Numerical,-0.009875548312616741,0.7051918710644118
HourlyRate,PerformanceRating,Numerical-Numerical,-0.002184644186930999,0.933303408896023
HourlyRate,RelationshipSatisfaction,Numerical-Numerical,0.00025850281526915316,0.9920989044207724
HourlyRate,StockOptionLevel,Numerical-Numerical,0.05054307799880208,0.052691490652077934
HourlyRate,TrainingTimesLastYear,Numerical-Numerical,0.0002918715012365139,0.9910790361109358
HourlyRate,WorkLifeBalance,Numerical-Numerical,-0.010003125737300445,0.7015648313853364
JobInvolvement,Age,Numerical-Numerical,0.034456224000108115,0.18672158482211765
JobInvolvement,DailyRate,Numerical-Numerical,0.04246878184735499,0.10360402619753457
JobInvolvement,DistanceFromHome,Numerical-Numerical,0.034430070055035414,0.18705646411462448
JobInvolvement,Education,Numerical-Numerical,0.037230796703121516,0.15365754826113098
JobInvolvement,EmployeeNumber,Numerical-Numerical,-0.0024531751628794666,0.9251279939381527
JobInvolvement,EnvironmentSatisfaction,Numerical-Numerical,-0.01530111880667267,0.5577485002548028
JobInvolvement,HourlyRate,Numerical-Numerical,0.04388431316126556,0.09258261683194509
JobInvolvement,JobLevel,Numerical-Numerical,-0.018423513048661834,0.4802956215423596
JobInvolvement,JobSatisfaction,Numerical-Numerical,-0.012148211843354711,0.6416518855981438
JobInvolvement,MonthlyIncome,Numerical-Numerical,-0.02455235242334959,0.346862501636527
JobInvolvement,MonthlyRate,Numerical-Numerical,-0.0181174515711284,0.48761972149776445
JobInvolvement,PercentSalaryHike,Numerical-Numerical,-0.016998736601856794,0.5148954220544871
JobInvolvement,PerformanceRating,Numerical-Numerical,-0.024732711659198197,0.3433306972380369
JobInvolvement,RelationshipSatisfaction,Numerical-Numerical,0.03785729689995368,0.1468478156371739
JobInvolvement,StockOptionLevel,Numerical-Numerical,0.03446428982154684,0.1866183980722135
JobInvolvement,TrainingTimesLastYear,Numerical-Numerical,0.0020139150031210904,0.9385049641348712
JobInvolvement,WorkLifeBalance,Numerical-Numerical,-0.01988863432386915,0.44607883697799866
JobLevel,Age,Numerical-Numerical,0.4896178108955418,1.819546113705928e-89
JobLevel,DailyRate,Numerical-Numerical,0.0038163551567299086,0.8837656154101853
JobLevel,DistanceFromHome,Numerical-Numerical,0.022147607104849094,0.39614075396753134
JobLevel,Education,Numerical-Numerical,0.10741916381028463,3.675974390613464e-05
JobLevel,EmployeeNumber,Numerical-Numerical,-0.011057431208590682,0.6718571009263188
JobLevel,EnvironmentSatisfaction,Numerical-Numerical,-0.00019243168604686338,0.9941183146870517
JobLevel,HourlyRate,Numerical-Numerical,-0.03387611132032741,0.19425386390745106
JobLevel,JobInvolvement,Numerical-Numerical,-0.018423513048661834,0.4802956215423596
JobLevel,JobSatisfaction,Numerical-Numerical,-0.0008519729910609089,0.9739637796180439
JobLevel,MonthlyIncome,Numerical-Numerical,0.9204286748392106,0.0
JobLevel,MonthlyRate,Numerical-Numerical,0.0527918878356706,0.04299474882802841
JobLevel,PercentSalaryHike,Numerical-Numerical,-0.03245275225875634,0.21367392232788965
JobLevel,PerformanceRating,Numerical-Numerical,-0.018608301437276042,0.4759027746317702
JobLevel,RelationshipSatisfaction,Numerical-Numerical,0.011311233123622897,0.6647792814434622
JobLevel,StockOptionLevel,Numerical-Numerical,0.047786169932748465,0.0670054809125537
JobLevel,TrainingTimesLastYear,Numerical-Numerical,-0.019728587905149267,0.4497477763763783
JobLevel,WorkLifeBalance,Numerical-Numerical,0.04046578053521547,0.12095037764482756
JobSatisfaction,Age,Numerical-Numerical,-0.005184852121396132,0.8425580815628142
JobSatisfaction,DailyRate,Numerical-Numerical,0.027828761662227974,0.2863017463313428
JobSatisfaction,DistanceFromHome,Numerical-Numerical,-0.013078054042407581,0.6163605345809813
JobSatisfaction,Education,Numerical-Numerical,-0.005175468670271537,0.8428393035746202
JobSatisfaction,EmployeeNumber,Numerical-Numerical,-0.0471498008994311,0.07072829855682825
JobSatisfaction,EnvironmentSatisfaction,Numerical-Numerical,-0.002992782272280758,0.9087244082847941
JobSatisfaction,HourlyRate,Numerical-Numerical,-0.06834017259535337,0.008766261451337602
JobSatisfaction,JobInvolvement,Numerical-Numerical,-0.012148211843354713,0.6416518855981438
JobSatisfaction,JobLevel,Numerical-Numerical,-0.0008519729910609089,0.9739637796180439
JobSatisfaction,MonthlyIncome,Numerical-Numerical,0.004880777922211001,0.8516811931075945
JobSatisfaction,MonthlyRate,Numerical-Numerical,-0.002701728793920637,0.9175678021944406
JobSatisfaction,PercentSalaryHike,Numerical-Numerical,0.023969545746785795,0.3584322949372106
JobSatisfaction,PerformanceRating,Numerical-Numerical,0.006978501891054846,0.7892108927194825
JobSatisfaction,RelationshipSatisfaction,Numerical-Numerical,-0.014678553829698009,0.5738872501338637
JobSatisfaction,StockOptionLevel,Numerical-Numerical,0.012785495876862608,0.624270949997871
JobSatisfaction,TrainingTimesLastYear,Numerical-Numerical,-0.01168099327012644,0.6545210664818872
JobSatisfaction,WorkLifeBalance,Numerical-Numerical,-0.029780862774009733,0.25382943450380513
MonthlyIncome,Age,Numerical-Numerical,0.47190213023271405,2.1834560926451124e-82
MonthlyIncome,DailyRate,Numerical-Numerical,0.016259651841387765,0.5333401637883932
MonthlyIncome,DistanceFromHome,Numerical-Numerical,0.0025124484208233883,0.9233244551703363
MonthlyIncome,Education,Numerical-Numerical,0.12002849135771106,3.93588901488038e-06
MonthlyIncome,EmployeeNumber,Numerical-Numerical,0.0017974040925349789,0.9451050809235748
MonthlyIncome,EnvironmentSatisfaction,Numerical-Numerical,-0.015163077434038209,0.5613078425883806
MonthlyIncome,HourlyRate,Numerical-Numerical,-0.019761721893346577,0.4489868057614411
MonthlyIncome,JobInvolvement,Numerical-Numerical,-0.02455235242334959,0.346862501636527
MonthlyIncome,JobLevel,Numerical-Numerical,0.9204286748392106,0.0
MonthlyIncome,JobSatisfaction,Numerical-Numerical,0.004880777922211002,0.8516811931075945
MonthlyIncome,MonthlyRate,Numerical-Numerical,0.054276765991858045,0.037455306178112345
MonthlyIncome,PercentSalaryHike,Numerical-Numerical,-0.03376707640709217,0.19569412010377576
MonthlyIncome,PerformanceRating,Numerical-Numerical,-0.02699947515703544,0.3009101897173951
MonthlyIncome,RelationshipSatisfaction,Numerical-Numerical,0.003885241102559699,0.8816828561346612
MonthlyIncome,StockOptionLevel,Numerical-Numerical,0.045851880515603,0.07884684443158879
MonthlyIncome,TrainingTimesLastYear,Numerical-Numerical,-0.03484676172735931,0.18177359256304104
MonthlyIncome,WorkLifeBalance,Numerical-Numerical,0.0307591463106208,0.2385578383993781
MonthlyRate,Age,Numerical-Numerical,0.01745100080296337,0.5037741450706217
MonthlyRate,DailyRate,Numerical-Numerical,-0.032359519972458436,0.21499313553925464
MonthlyRate,DistanceFromHome,Numerical-Numerical,0.03961780522063658,0.12894546235000098
MonthlyRate,Education,Numerical-Numerical,-0.021213827767731237,0.41636140685024636
MonthlyRate,EmployeeNumber,Numerical-Numerical,0.011933399262245622,0.6475556849914779
MonthlyRate,EnvironmentSatisfaction,Numerical-Numerical,0.03747650942841222,0.15095873432444012
MonthlyRate,HourlyRate,Numerical-Numerical,-0.014888499753342712,0.5684201806928271
MonthlyRate,JobInvolvement,Numerical-Numerical,-0.018117451571128398,0.48761972149776445
MonthlyRate,JobLevel,Numerical-Numerical,0.05279188783567059,0.04299474882802847
MonthlyRate,JobSatisfaction,Numerical-Numerical,-0.0027017287939206376,0.9175678021944406
MonthlyRate,MonthlyIncome,Numerical-Numerical,0.054276765991858045,0.037455306178112345
MonthlyRate,PercentSalaryHike,Numerical-Numerical,-0.005470536871346098,0.834005875089468
MonthlyRate,PerformanceRating,Numerical-Numerical,-0.009697588341252499,0.7102624769301906
MonthlyRate,RelationshipSatisfaction,Numerical-Numerical,-0.00037281483161375536,0.9886051775635923
MonthlyRate,StockOptionLevel,Numerical-Numerical,-0.037274293633127675,0.1531771439097343
MonthlyRate,TrainingTimesLastYear,Numerical-Numerical,-0.010017947191819143,0.70114389405025
MonthlyRate,WorkLifeBalance,Numerical-Numerical,0.006316263475298495,0.8088068141697458
PercentSalaryHike,Age,Numerical-Numerical,0.007708837983941597,0.7677538137708708
PercentSalaryHike,DailyRate,Numerical-Numerical,0.02507040343270031,0.33677995125888105
PercentSalaryHike,DistanceFromHome,Numerical-Numerical,0.029666427948417496,0.255659274835271
PercentSalaryHike,Education,Numerical-Numerical,0.004299935630355093,0.8691623752659375
PercentSalaryHike,EmployeeNumber,Numerical-Numerical,-0.008178516440490566,0.7540470140850586
PercentSalaryHike,EnvironmentSatisfaction,Numerical-Numerical,-0.03048942614514931,0.24270213673003682
PercentSalaryHike,HourlyRate,Numerical-Numerical,-0.009875548312616743,0.7051918710644118
PercentSalaryHike,JobInvolvement,Numerical-Numerical,-0.01699873660185679,0.5148954220544871
PercentSalaryHike,JobLevel,Numerical-Numerical,-0.032452752258756344,0.21367392232788962
PercentSalaryHike,JobSatisfaction,Numerical-Numerical,0.023969545746785795,0.3584322949372106
PercentSalaryHike,MonthlyIncome,Numerical-Numerical,-0.03376707640709217,0.19569412010377576
PercentSalaryHike,MonthlyRate,Numerical-Numerical,-0.005470536871346098,0.834005875089468
PercentSalaryHike,PerformanceRating,Numerical-Numerical,0.6285191214366401,2.037317773396091e-162
PercentSalaryHike,RelationshipSatisfaction,Numerical-Numerical,-0.03491457267409509,0.18092444338484368
PercentSalaryHike,StockOptionLevel,Numerical-Numerical,0.02344587564437186,0.36903243891310467
PercentSalaryHike,TrainingTimesLastYear,Numerical-Numerical,-0.004106181723038015,0.8750083228476113
PercentSalaryHike,WorkLifeBalance,Numerical-Numerical,0.0009304377038703608,0.9715668763008366
PerformanceRating,Age,Numerical-Numerical,9.338863125535507e-05,0.9971455514870671
PerformanceRating,DailyRate,Numerical-Numerical,0.0006244328586809106,0.9809158200121362
PerformanceRating,DistanceFromHome,Numerical-Numerical,0.011319673780960831,0.6645444031017843
PerformanceRating,Education,Numerical-Numerical,-0.025080669392461157,0.3365820719207776
PerformanceRating,EmployeeNumber,Numerical-Numerical,-0.020675150761234974,0.4282979449767773
PerformanceRating,EnvironmentSatisfaction,Numerical-Numerical,-0.029159816859593818,0.26387001394793125
PerformanceRating,HourlyRate,Numerical-Numerical,-0.002184644186930999,0.933303408896023
PerformanceRating,JobInvolvement,Numerical-Numerical,-0.024732711659198197,0.3433306972380369
PerformanceRating,JobLevel,Numerical-Numerical,-0.01860830143727604,0.47590277463177055
PerformanceRating,JobSatisfaction,Numerical-Numerical,0.006978501891054845,0.7892108927194825
PerformanceRating,MonthlyIncome,Numerical-Numerical,-0.026999475157035435,0.3009101897173953
PerformanceRating,MonthlyRate,Numerical-Numerical,-0.009697588341252497,0.7102624769301906
PerformanceRating,PercentSalaryHike,Numerical-Numerical,0.6285191214366401,2.037317773396091e-162
PerformanceRating,RelationshipSatisfaction,Numerical-Numerical,-0.03298877887236286,0.20620239664775636
PerformanceRating,StockOptionLevel,Numerical-Numerical,0.011028055378024097,0.6726782047716127
PerformanceRating,TrainingTimesLastYear,Numerical-Numerical,-0.01667579207770579,0.5229139738264648
PerformanceRating,WorkLifeBalance,Numerical-Numerical,0.006808391339126777,0.7942323759820777
RelationshipSatisfaction,Age,Numerical-Numerical,0.04606331990350069,0.07747487397661988
RelationshipSatisfaction,DailyRate,Numerical-Numerical,0.00968452835360801,0.7106351030330365
RelationshipSatisfaction,DistanceFromHome,Numerical-Numerical,0.005851811211412193,0.8226227766220799
RelationshipSatisfaction,Education,Numerical-Numerical,-0.013172612473768714,0.6138132173589385
RelationshipSatisfaction,EmployeeNumber,Numerical-Numerical,-0.07299050430798654,0.005112592266097985
RelationshipSatisfaction,EnvironmentSatisfaction,Numerical-Numerical,0.005353458145277389,0.8375084110830965
RelationshipSatisfaction,HourlyRate,Numerical-Numerical,0.00025850281526915316,0.9920989044207724
RelationshipSatisfaction,JobInvolvement,Numerical-Numerical,0.03785729689995368,0.1468478156371739
RelationshipSatisfaction,JobLevel,Numerical-Numerical,0.011311233123622895,0.6647792814434622
RelationshipSatisfaction,JobSatisfaction,Numerical-Numerical,-0.014678553829698007,0.5738872501338637
RelationshipSatisfaction,MonthlyIncome,Numerical-Numerical,0.0038852411025596992,0.8816828561346612
RelationshipSatisfaction,MonthlyRate,Numerical-Numerical,-0.00037281483161375536,0.9886051775635923
RelationshipSatisfaction,PercentSalaryHike,Numerical-Numerical,-0.03491457267409509,0.18092444338484368
RelationshipSatisfaction,PerformanceRating,Numerical-Numerical,-0.03298877887236285,0.20620239664775655
RelationshipSatisfaction,StockOptionLevel,Numerical-Numerical,-0.056249005170487004,0.031045245755283835
RelationshipSatisfaction,TrainingTimesLastYear,Numerical-Numerical,0.0054241037581069075,0.8353945820205602
RelationshipSatisfaction,WorkLifeBalance,Numerical-Numerical,0.017684117126366923,0.49809162852184974
StockOptionLevel,Age,Numerical-Numerical,0.05663306347532309,0.029913032993936817
StockOptionLevel,DailyRate,Numerical-Numerical,0.03851393353444212,0.13996054775554712
StockOptionLevel,DistanceFromHome,Numerical-Numerical,0.030190294292276456,0.24735719804048434
StockOptionLevel,Education,Numerical-Numerical,0.013793504009850155,0.5972035646102769
StockOptionLevel,EmployeeNumber,Numerical-Numerical,0.05947957951616343,0.022574447470465935
StockOptionLevel,EnvironmentSatisfaction,Numerical-Numerical,0.009826169681765331,0.7065975149139749
StockOptionLevel,HourlyRate,Numerical-Numerical,0.050543077998802075,0.052691490652078
StockOptionLevel,JobInvolvement,Numerical-Numerical,0.03446428982154683,0.18661839807221361
StockOptionLevel,JobLevel,Numerical-Numerical,0.047786169932748465,0.0670054809125537
StockOptionLevel,JobSatisfaction,Numerical-Numerical,0.012785495876862608,0.624270949997871
StockOptionLevel,MonthlyIncome,Numerical-Numerical,0.045851880515603,0.07884684443158879
StockOptionLevel,MonthlyRate,Numerical-Numerical,-0.037274293633127675,0.1531771439097343
StockOptionLevel,PercentSalaryHike,Numerical-Numerical,0.02344587564437186,0.36903243891310467
StockOptionLevel,PerformanceRating,Numerical-Numerical,0.011028055378024095,0.6726782047716127
StockOptionLevel,RelationshipSatisfaction,Numerical-Numerical,-0.05624900517048701,0.031045245755283783
StockOptionLevel,TrainingTimesLastYear,Numerical-Numerical,0.003388463061044786,0.896720317168694
StockOptionLevel,WorkLifeBalance,Numerical-Numerical,-0.016567956327631576,0.5256056762180876
TrainingTimesLastYear,Age,Numerical-Numerical,0.0003158049169493311,0.9903475528201379
TrainingTimesLastYear,DailyRate,Numerical-Numerical,-0.011338974540025927,0.6640074441553623
TrainingTimesLastYear,DistanceFromHome,Numerical-Numerical,-0.024848360913254753,0.3410781667798889
TrainingTimesLastYear,Education,Numerical-Numerical,-0.023748617030788014,0.36288079728888045
TrainingTimesLastYear,EmployeeNumber,Numerical-Numerical,0.026502146504605494,0.30990489501108
TrainingTimesLastYear,EnvironmentSatisfaction,Numerical-Numerical,-0.011658937697201634,0.6551311519551147
TrainingTimesLastYear,HourlyRate,Numerical-Numerical,0.0002918715012365139,0.9910790361109358
TrainingTimesLastYear,JobInvolvement,Numerical-Numerical,0.0020139150031210904,0.9385049641348712
TrainingTimesLastYear,JobLevel,Numerical-Numerical,-0.019728587905149267,0.4497477763763783
TrainingTimesLastYear,JobSatisfaction,Numerical-Numerical,-0.01168099327012644,0.6545210664818872
TrainingTimesLastYear,MonthlyIncome,Numerical-Numerical,-0.03484676172735931,0.18177359256304104
TrainingTimesLastYear,MonthlyRate,Numerical-Numerical,-0.010017947191819143,0.70114389405025
TrainingTimesLastYear,PercentSalaryHike,Numerical-Numerical,-0.004106181723038015,0.8750083228476113
TrainingTimesLastYear,PerformanceRating,Numerical-Numerical,-0.01667579207770579,0.5229139738264648
TrainingTimesLastYear,RelationshipSatisfaction,Numerical-Numerical,0.0054241037581069075,0.8353945820205602
TrainingTimesLastYear,StockOptionLevel,Numerical-Numerical,0.0033884630610447855,0.896720317168694
TrainingTimesLastYear,WorkLifeBalance,Numerical-Numerical,0.023689557478749533,0.3640758128093059
WorkLifeBalance,Age,Numerical-Numerical,-0.0037067910036821714,0.8870799242210401
WorkLifeBalance,DailyRate,Numerical-Numerical,-0.040352314887821934,0.12199716406296912
WorkLifeBalance,DistanceFromHome,Numerical-Numerical,-0.020401886909142363,0.434428468017119
WorkLifeBalance,Education,Numerical-Numerical,0.017350435054979265,0.5062360798858303
WorkLifeBalance,EmployeeNumber,Numerical-Numerical,0.009994136439874369,0.7018201768895247
WorkLifeBalance,EnvironmentSatisfaction,Numerical-Numerical,0.027168971617420067,0.297884769165161
WorkLifeBalance,HourlyRate,Numerical-Numerical,-0.010003125737300443,0.7015648313853364
WorkLifeBalance,JobInvolvement,Numerical-Numerical,-0.01988863432386915,0.44607883697799866
WorkLifeBalance,JobLevel,Numerical-Numerical,0.04046578053521546,0.12095037764482763
WorkLifeBalance,JobSatisfaction,Numerical-Numerical,-0.029780862774009733,0.25382943450380513
WorkLifeBalance,MonthlyIncome,Numerical-Numerical,0.030759146310620804,0.2385578383993781
WorkLifeBalance,MonthlyRate,Numerical-Numerical,0.006316263475298495,0.8088068141697458
WorkLifeBalance,PercentSalaryHike,Numerical-Numerical,0.0009304377038703609,0.9715668763008366
WorkLifeBalance,PerformanceRating,Numerical-Numerical,0.0068083913391267775,0.7942323759820777
WorkLifeBalance,RelationshipSatisfaction,Numerical-Numerical,0.017684117126366923,0.49809162852184974
WorkLifeBalance,StockOptionLevel,Numerical-Numerical,-0.016567956327631576,0.5256056762180876
WorkLifeBalance,TrainingTimesLastYear,Numerical-Numerical,0.02368955747874953,0.3640758128093059
Attrition,BusinessTravel,Categorical-Categorical,0.12825997643406717,
Attrition,Department,Categorical-Categorical,0.0856984402909795,
Attrition,EducationField,Categorical-Categorical,0.10440851908182987,
Attrition,Gender,Categorical-Categorical,0.027565224125453088,
Attrition,JobRole,Categorical-Categorical,0.24214215996065436,
Attrition,MaritalStatus,Categorical-Categorical,0.1772113472450737,
Attrition,NumCompaniesWorked,Categorical-Categorical,0.05013690502631013,
Attrition,OverTime,Categorical-Categorical,0.24406463632881792,
Attrition,TotalWorkingYears,Categorical-Categorical,0.24563717655535447,
Attrition,YearsAtCompany,Categorical-Categorical,0.2082709587668688,
Attrition,YearsInCurrentRole,Categorical-Categorical,0.14031591554791997,
Attrition,YearsSinceLastPromotion,Categorical-Categorical,0.05951230926406901,
Attrition,YearsWithCurrManager,Categorical-Categorical,0.11958006466675206,
BusinessTravel,Attrition,Categorical-Categorical,0.12825997643406717,
BusinessTravel,Department,Categorical-Categorical,0.008286640185851192,
BusinessTravel,EducationField,Categorical-Categorical,0.04192799857658205,
BusinessTravel,Gender,Categorical-Categorical,0.05236821691728009,
BusinessTravel,JobRole,Categorical-Categorical,0.0638548939540587,
BusinessTravel,MaritalStatus,Categorical-Categorical,0.05051458356963546,
BusinessTravel,NumCompaniesWorked,Categorical-Categorical,0.03854578083854698,
BusinessTravel,OverTime,Categorical-Categorical,0.04406083538081621,
BusinessTravel,TotalWorkingYears,Categorical-Categorical,0.025573740726844922,
BusinessTravel,YearsAtCompany,Categorical-Categorical,0.032322969535250656,
BusinessTravel,YearsInCurrentRole,Categorical-Categorical,0.023742147035711706,
BusinessTravel,YearsSinceLastPromotion,Categorical-Categorical,0.02442311834280969,
BusinessTravel,YearsWithCurrManager,Categorical-Categorical,0.059448047039115,
Department,Attrition,Categorical-Categorical,0.0856984402909795,
Department,BusinessTravel,Categorical-Categorical,0.008286640185851192,
Department,EducationField,Categorical-Categorical,0.5904510115591987,
Department,Gender,Categorical-Categorical,0.04490724860013383,
Department,JobRole,Categorical-Categorical,0.939392649020428,
Department,MaritalStatus,Categorical-Categorical,0.04755414551917263,
Department,NumCompaniesWorked,Categorical-Categorical,0.029675674061648543,
Department,OverTime,Categorical-Categorical,0.007979847056650292,
Department,TotalWorkingYears,Categorical-Categorical,0.03291716550871322,
Department,YearsAtCompany,Categorical-Categorical,0.049287192602633416,
Department,YearsInCurrentRole,Categorical-Categorical,0.053293805537281844,
Department,YearsSinceLastPromotion,Categorical-Categorical,0.0389677349663159,
Department,YearsWithCurrManager,Categorical-Categorical,0.04982142084654645,
EducationField,Attrition,Categorical-Categorical,0.10440851908182988,
EducationField,BusinessTravel,Categorical-Categorical,0.041927998576582054,
EducationField,Department,Categorical-Categorical,0.5904510115591987,
EducationField,Gender,Categorical-Categorical,0.04473218780011186,
EducationField,JobRole,Categorical-Categorical,0.34300714926753945,
EducationField,MaritalStatus,Categorical-Categorical,0.05709856801196083,
EducationField,NumCompaniesWorked,Categorical-Categorical,0.057609660729549865,
EducationField,OverTime,Categorical-Categorical,0.034584473136048344,
EducationField,TotalWorkingYears,Categorical-Categorical,0.03984264939746564,
EducationField,YearsAtCompany,Categorical-Categorical,0.0410819177798248,
EducationField,YearsInCurrentRole,Categorical-Categorical,0.04208476324084659,
EducationField,YearsSinceLastPromotion,Categorical-Categorical,0.04256720599933866,
EducationField,YearsWithCurrManager,Categorical-Categorical,0.06188449064920048,
Gender,Attrition,Categorical-Categorical,0.027565224125453088,
Gender,BusinessTravel,Categorical-Categorical,0.05236821691728009,
Gender,Department,Categorical-Categorical,0.04490724860013383,
Gender,EducationField,Categorical-Categorical,0.04473218780011186,
Gender,JobRole,Categorical-Categorical,0.10442547401615641,
Gender,MaritalStatus,Categorical-Categorical,0.049127346809548625,
Gender,NumCompaniesWorked,Categorical-Categorical,0.03447648392522301,
Gender,OverTime,Categorical-Categorical,0.04038301163022349,
Gender,TotalWorkingYears,Categorical-Categorical,0.06411900700647706,
Gender,YearsAtCompany,Categorical-Categorical,0.05169724137004312,
Gender,YearsInCurrentRole,Categorical-Categorical,0.030726148021784003,
Gender,YearsSinceLastPromotion,Categorical-Categorical,0.04696692906662017,
Gender,YearsWithCurrManager,Categorical-Categorical,0.02803464071245328,
JobRole,Attrition,Categorical-Categorical,0.24214215996065436,
JobRole,BusinessTravel,Categorical-Categorical,0.0638548939540587,
JobRole,Department,Categorical-Categorical,0.939392649020428,
JobRole,EducationField,Categorical-Categorical,0.34300714926753945,
JobRole,Gender,Categorical-Categorical,0.10442547401615643,
JobRole,MaritalStatus,Categorical-Categorical,0.09567633805959612,
JobRole,NumCompaniesWorked,Categorical-Categorical,0.09943076257874542,
JobRole,OverTime,Categorical-Categorical,0.06684532585648004,
JobRole,TotalWorkingYears,Categorical-Categorical,0.4026392478617014,
JobRole,YearsAtCompany,Categorical-Categorical,0.29221464439908335,
JobRole,YearsInCurrentRole,Categorical-Categorical,0.2274624485239175,
JobRole,YearsSinceLastPromotion,Categorical-Categorical,0.20233937337846322,
JobRole,YearsWithCurrManager,Categorical-Categorical,0.21718552936534533,
MaritalStatus,Attrition,Categorical-Categorical,0.1772113472450737,
MaritalStatus,BusinessTravel,Categorical-Categorical,0.05051458356963546,
MaritalStatus,Department,Categorical-Categorical,0.047554145519172634,
MaritalStatus,EducationField,Categorical-Categorical,0.05709856801196083,
MaritalStatus,Gender,Categorical-Categorical,0.04912734680954862,
MaritalStatus,JobRole,Categorical-Categorical,0.09567633805959612,
MaritalStatus,NumCompaniesWorked,Categorical-Categorical,0.04841071455403797,
MaritalStatus,OverTime,Categorical-Categorical,0.023571013631970502,
MaritalStatus,TotalWorkingYears,Categorical-Categorical,0.08433002391045566,
MaritalStatus,YearsAtCompany,Categorical-Categorical,0.06525996596897861,
MaritalStatus,YearsInCurrentRole,Categorical-Categorical,0.06202270540694059,
MaritalStatus,YearsSinceLastPromotion,Categorical-Categorical,0.058685499122115334,
MaritalStatus,YearsWithCurrManager,Categorical-Categorical,0.026215366174379348,
NumCompaniesWorked,Attrition,Categorical-Categorical,0.05013690502631013,
NumCompaniesWorked,BusinessTravel,Categorical-Categorical,0.03854578083854698,
NumCompaniesWorked,Department,Categorical-Categorical,0.029675674061648543,
NumCompaniesWorked,EducationField,Categorical-Categorical,0.057609660729549865,
NumCompaniesWorked,Gender,Categorical-Categorical,0.03447648392522301,
NumCompaniesWorked,JobRole,Categorical-Categorical,0.09943076257874542,
NumCompaniesWorked,MaritalStatus,Categorical-Categorical,0.04841071455403797,
NumCompaniesWorked,OverTime,Categorical-Categorical,0.03180091446609873,
NumCompaniesWorked,TotalWorkingYears,Categorical-Categorical,0.1822969048338488,
NumCompaniesWorked,YearsAtCompany,Categorical-Categorical,0.09650542833845246,
NumCompaniesWorked,YearsInCurrentRole,Categorical-Categorical,0.08161256789945985,
NumCompaniesWorked,YearsSinceLastPromotion,Categorical-Categorical,0.03956120310324395,
NumCompaniesWorked,YearsWithCurrManager,Categorical-Categorical,0.09428134857282637,
OverTime,Attrition,Categorical-Categorical,0.24406463632881792,
OverTime,BusinessTravel,Categorical-Categorical,0.04406083538081621,
OverTime,Department,Categorical-Categorical,0.00797984705665029,
OverTime,EducationField,Categorical-Categorical,0.03458447313604835,
OverTime,Gender,Categorical-Categorical,0.04038301163022349,
OverTime,JobRole,Categorical-Categorical,0.06684532585648004,
OverTime,MaritalStatus,Categorical-Categorical,0.023571013631970502,
OverTime,NumCompaniesWorked,Categorical-Categorical,0.03180091446609873,
OverTime,TotalWorkingYears,Categorical-Categorical,0.04691969780443879,
OverTime,YearsAtCompany,Categorical-Categorical,0.058342676557874944,
OverTime,YearsInCurrentRole,Categorical-Categorical,0.0315777602782242,
OverTime,YearsSinceLastPromotion,Categorical-Categorical,0.014282807802107719,
OverTime,YearsWithCurrManager,Categorical-Categorical,0.038042499189793647,
TotalWorkingYears,Attrition,Categorical-Categorical,0.24563717655535444,
TotalWorkingYears,BusinessTravel,Categorical-Categorical,0.025573740726844926,
TotalWorkingYears,Department,Categorical-Categorical,0.03291716550871322,
TotalWorkingYears,EducationField,Categorical-Categorical,0.03984264939746564,
TotalWorkingYears,Gender,Categorical-Categorical,0.06411900700647706,
TotalWorkingYears,JobRole,Categorical-Categorical,0.40263924786170147,
TotalWorkingYears,MaritalStatus,Categorical-Categorical,0.08433002391045566,
TotalWorkingYears,NumCompaniesWorked,Categorical-Categorical,0.18229690483384878,
TotalWorkingYears,OverTime,Categorical-Categorical,0.04691969780443879,
TotalWorkingYears,YearsAtCompany,Categorical-Categorical,0.5399181695771291,
TotalWorkingYears,YearsInCurrentRole,Categorical-Categorical,0.3551310772907093,
TotalWorkingYears,YearsSinceLastPromotion,Categorical-Categorical,0.2480564555915103,
TotalWorkingYears,YearsWithCurrManager,Categorical-Categorical,0.35351213042528595,
YearsAtCompany,Attrition,Categorical-Categorical,0.2082709587668688,
YearsAtCompany,BusinessTravel,Categorical-Categorical,0.032322969535250656,
YearsAtCompany,Department,Categorical-Categorical,0.049287192602633416,
YearsAtCompany,EducationField,Categorical-Categorical,0.0410819177798248,
YearsAtCompany,Gender,Categorical-Categorical,0.05169724137004312,
YearsAtCompany,JobRole,Categorical-Categorical,0.29221464439908335,
YearsAtCompany,MaritalStatus,Categorical-Categorical,0.06525996596897861,
YearsAtCompany,NumCompaniesWorked,Categorical-Categorical,0.09650542833845246,
YearsAtCompany,OverTime,Categorical-Categorical,0.058342676557874944,
YearsAtCompany,TotalWorkingYears,Categorical-Categorical,0.5399181695771291,
YearsAtCompany,YearsInCurrentRole,Categorical-Categorical,0.6254377420098092,
YearsAtCompany,YearsSinceLastPromotion,Categorical-Categorical,0.43015489202389656,
YearsAtCompany,YearsWithCurrManager,Categorical-Categorical,0.6227296042198605,
YearsInCurrentRole,Attrition,Categorical-Categorical,0.14031591554791997,
YearsInCurrentRole,BusinessTravel,Categorical-Categorical,0.023742147035711703,
YearsInCurrentRole,Department,Categorical-Categorical,0.053293805537281844,
YearsInCurrentRole,EducationField,Categorical-Categorical,0.0420847632408466,
YearsInCurrentRole,Gender,Categorical-Categorical,0.030726148021784007,
YearsInCurrentRole,JobRole,Categorical-Categorical,0.2274624485239175,
YearsInCurrentRole,MaritalStatus,Categorical-Categorical,0.0620227054069406,
YearsInCurrentRole,NumCompaniesWorked,Categorical-Categorical,0.08161256789945985,
YearsInCurrentRole,OverTime,Categorical-Categorical,0.0315777602782242,
YearsInCurrentRole,TotalWorkingYears,Categorical-Categorical,0.3551310772907093,
YearsInCurrentRole,YearsAtCompany,Categorical-Categorical,0.6254377420098092,
YearsInCurrentRole,YearsSinceLastPromotion,Categorical-Categorical,0.3583658708937958,
YearsInCurrentRole,YearsWithCurrManager,Categorical-Categorical,0.5322930950960664,
YearsSinceLastPromotion,Attrition,Categorical-Categorical,0.059512309264069,
YearsSinceLastPromotion,BusinessTravel,Categorical-Categorical,0.02442311834280969,
YearsSinceLastPromotion,Department,Categorical-Categorical,0.0389677349663159,
YearsSinceLastPromotion,EducationField,Categorical-Categorical,0.04256720599933866,
YearsSinceLastPromotion,Gender,Categorical-Categorical,0.04696692906662017,
YearsSinceLastPromotion,JobRole,Categorical-Categorical,0.20233937337846322,
YearsSinceLastPromotion,MaritalStatus,Categorical-Categorical,0.058685499122115334,
YearsSinceLastPromotion,NumCompaniesWorked,Categorical-Categorical,0.03956120310324395,
YearsSinceLastPromotion,OverTime,Categorical-Categorical,0.014282807802107719,
YearsSinceLastPromotion,TotalWorkingYears,Categorical-Categorical,0.24805645559151032,
YearsSinceLastPromotion,YearsAtCompany,Categorical-Categorical,0.4301548920238965,
YearsSinceLastPromotion,YearsInCurrentRole,Categorical-Categorical,0.3583658708937958,
YearsSinceLastPromotion,YearsWithCurrManager,Categorical-Categorical,0.3577143682877576,
YearsWithCurrManager,Attrition,Categorical-Categorical,0.11958006466675206,
YearsWithCurrManager,BusinessTravel,Categorical-Categorical,0.059448047039115,
YearsWithCurrManager,Department,Categorical-Categorical,0.04982142084654645,
YearsWithCurrManager,EducationField,Categorical-Categorical,0.06188449064920047,
YearsWithCurrManager,Gender,Categorical-Categorical,0.028034640712453283,
YearsWithCurrManager,JobRole,Categorical-Categorical,0.2171855293653453,
YearsWithCurrManager,MaritalStatus,Categorical-Categorical,0.026215366174379348,
YearsWithCurrManager,NumCompaniesWorked,Categorical-Categorical,0.09428134857282637,
YearsWithCurrManager,OverTime,Categorical-Categorical,0.038042499189793647,
YearsWithCurrManager,TotalWorkingYears,Categorical-Categorical,0.35351213042528595,
YearsWithCurrManager,YearsAtCompany,Categorical-Categorical,0.6227296042198605,
YearsWithCurrManager,YearsInCurrentRole,Categorical-Categorical,0.5322930950960664,
YearsWithCurrManager,YearsSinceLastPromotion,Categorical-Categorical,0.3577143682877576,
